player_dismissed,wicket_taker,max_dismissed
"DA Warner","P Kumar",3
"DA Warner","L Balaji",3
"DA Warner","Harbhajan Singh",3
"S Dhawan","SL Malinga",4
"S Dhawan","Z Khan",4
"S Dhawan","P Kumar",4
"Yuvraj Singh","KA Pollard",3
"Yuvraj Singh","SK Trivedi",3
"Yuvraj Singh","UT Yadav",3
"Yuvraj Singh","SL Malinga",3
"CH Gayle","R Ashwin",4
"CH Gayle","Sandeep Sharma",4
"KM Jadhav","MM Sharma",2
"KM Jadhav","JD Unadkat",2
"TM Head","Z Khan",1
"TM Head","KH Pandya",1
"TM Head","JD Unadkat",1
"TM Head","AJ Tye",1
"TM Head","Rashid Khan",1
"Sachin Baby","PJ Cummins",1
"Sachin Baby","Washington Sundar",1
"Sachin Baby","Bipul Sharma",1
"SR Watson","RA Jadeja",5
"SR Watson","AR Patel",5
"S Aravind","GJ Maxwell",1
"S Aravind","MJ McClenaghan",1
"S Aravind","JP Faulkner",1
"S Aravind","A Nehra",1
"TS Mills","C de Grandhomme",1
"TS Mills","CH Morris",1
"TS Mills","B Kumar",1
"YS Chahal","JP Faulkner",1
"YS Chahal","C de Grandhomme",1
"YS Chahal","BCJ Cutting",1
"RG Sharma","R Vinay Kumar",6
"JC Buttler","MM Sharma",2
"JC Buttler","A Nehra",2
"KH Pandya","DT Christian",1
"KH Pandya","SN Thakur",1
"KH Pandya","P Negi",1
"KH Pandya","IK Pathan",1
"KH Pandya","A Mishra",1
"KH Pandya","B Kumar",1
"KH Pandya","AS Rajpoot",1
"KH Pandya","R Bhatia",1
"N Rana","AR Patel",1
"N Rana","S Kaul",1
"N Rana","P Negi",1
"N Rana","Ankit Soni",1
"N Rana","DT Christian",1
"N Rana","PJ Cummins",1
"N Rana","AJ Tye",1
"N Rana","S Badree",1
"N Rana","B Kumar",1
"N Rana","AS Rajpoot",1
"N Rana","A Zampa",1
"KA Pollard","IK Pathan",3
"KA Pollard","YS Chahal",3
"KA Pollard","B Kumar",3
"TG Southee","AB Dinda",1
"MA Agarwal","R Ashwin",3
"BA Stokes","Mohammed Shami",1
"BA Stokes","Rashid Khan",1
"BA Stokes","SP Narine",1
"BA Stokes","MG Johnson",1
"BA Stokes","B Kumar",1
"BA Stokes","AF Milne",1
"BA Stokes","AJ Tye",1
"BA Stokes","PJ Cummins",1
"BA Stokes","AR Patel",1
"BA Stokes","HH Pandya",1
"JJ Roy","B Kumar",1
"JJ Roy","PP Chawla",1
"BB McCullum","PP Chawla",4
"BB McCullum","SL Malinga",4
"AJ Finch","MM Sharma",3
"AJ Finch","P Negi",3
"KD Karthik","DW Steyn",4
"MS Dhoni","PP Ojha",7
"MS Dhoni","Z Khan",7
"DT Christian","MM Patel",2
"DT Christian","UT Yadav",2
"M Vohra","B Kumar",2
"M Vohra","PP Chawla",2
"WP Saha","DJ Bravo",3
"HM Amla","B Kumar",2
"Vishnu Vinod","PJ Cummins",1
"Vishnu Vinod","Sandeep Sharma",1
"Vishnu Vinod","Z Khan",1
"P Negi","CH Morris",2
"KK Nair","Harbhajan Singh",4
"SW Billings","Sandeep Sharma",1
"SW Billings","Mohammed Siraj",1
"SW Billings","NM Coulter-Nile",1
"SW Billings","AR Patel",1
"SW Billings","Imran Tahir",1
"SW Billings","Iqbal Abdulla",1
"SV Samson","MJ McClenaghan",4
"CR Brathwaite","DS Kulkarni",1
"CR Brathwaite","YS Chahal",1
"PJ Cummins","TM Head",1
"PJ Cummins","BA Stokes",1
"PJ Cummins","JP Faulkner",1
"PJ Cummins","Harbhajan Singh",1
"PJ Cummins","SR Watson",1
"RR Pant","JJ Bumrah",3
"S Nadeem","P Negi",2
"SK Raina","Harbhajan Singh",5
"G Gambhir","Z Khan",6
"RV Uthappa","A Mishra",5
"CA Lynn","JJ Bumrah",2
"YK Pathan","B Kumar",4
"YK Pathan","R Vinay Kumar",4
"CR Woakes","DT Christian",1
"CR Woakes","TS Mills",1
"CR Woakes","A Mishra",1
"CR Woakes","SL Malinga",1
"RA Tripathi","P Negi",2
"R Bhatia","RP Singh",2
"R Bhatia","Harbhajan Singh",2
"DL Chahar","Z Khan",1
"A Zampa","A Mishra",1
"AB Dinda","SL Malinga",2
"DJ Hooda","MM Sharma",2
"BCJ Cutting","TA Boult",1
"BCJ Cutting","JJ Bumrah",1
"V Shankar","NM Coulter-Nile",1
"V Shankar","SL Malinga",1
"NV Ojha","RP Singh",4
"Rashid Khan","JD Unadkat",1
"Rashid Khan","JJ Bumrah",1
"MP Stoinis","AJ Tye",1
"MP Stoinis","MJ McClenaghan",1
"MP Stoinis","SP Narine",1
"GJ Maxwell","A Mishra",4
"DA Miller","UT Yadav",3
"VR Aaron","CR Woakes",1
"V Kohli","A Nehra",6
"AB de Villiers","PP Chawla",5
"MJ McClenaghan","SN Thakur",1
"MJ McClenaghan","Basil Thampi",1
"MJ McClenaghan","JD Unadkat",1
"MJ McClenaghan","S Badree",1
"Ankit Sharma","AJ Tye",1
"SN Thakur","S Kaul",1
"SN Thakur","AF Milne",1
"SN Thakur","AJ Tye",1
"MK Pandey","Harbhajan Singh",5
"C de Grandhomme","KV Sharma",1
"C de Grandhomme","HH Pandya",1
"C de Grandhomme","P Negi",1
"C de Grandhomme","JD Unadkat",1
"C de Grandhomme","S Kaul",1
"C de Grandhomme","YS Chahal",1
"C de Grandhomme","Z Khan",1
"C de Grandhomme","B Kumar",1
"SS Iyer","Sandeep Sharma",3
"EJG Morgan","UT Yadav",2
"EJG Morgan","R Vinay Kumar",2
"KC Cariappa","B Kumar",1
"KC Cariappa","CH Morris",1
"Ishan Kishan","Imran Tahir",2
"S Badree","AR Patel",1
"S Badree","Imran Tahir",1
"S Badree","RA Jadeja",1
"S Badree","CR Woakes",1
"S Badree","JD Unadkat",1
"AF Milne","Imran Tahir",1
"AF Milne","BA Stokes",1
"AD Mathews","R Vinay Kumar",3
"Mohammad Nabi","Sandeep Sharma",1
"I Sharma","R Vinay Kumar",1
"I Sharma","Kamran Khan",1
"I Sharma","RP Singh",1
"I Sharma","DJ Thornely",1
"I Sharma","A Zampa",1
"I Sharma","S Kaul",1
"RA Jadeja","A Mishra",4
"KS Williamson","NM Coulter-Nile",2
"KS Williamson","CH Morris",2
"SE Marsh","B Kumar",3
"Harbhajan Singh","P Kumar",4
"CJ Anderson","SP Narine",2
"K Rabada","KV Sharma",1
"K Rabada","Sandeep Sharma",1
"K Rabada","JJ Bumrah",1
"AD Nath","KC Cariappa",1
"AJ Tye","JJ Bumrah",1
"AJ Tye","Sandeep Sharma",1
"NM Coulter-Nile","MG Johnson",1
"NM Coulter-Nile","BA Stokes",1
"NM Coulter-Nile","P Negi",1
"Kuldeep Yadav","TG Southee",1
"Kuldeep Yadav","S Aravind",1
"KV Sharma","SR Watson",2
"MJ Guptill","B Kumar",2
"Anureet Singh","A Nehra",1
"IK Pathan","Z Khan",3
"JJ Bumrah","IK Pathan",1
"Mohammed Shami","P Negi",1
"Mohammed Shami","JD Unadkat",1
"Mohammed Shami","Harbhajan Singh",1
"Mohammed Shami","VR Aaron",1
"SP Jackson","Washington Sundar",1
"SP Jackson","B Kumar",1
"PJ Sangwan","ST Jayasuriya",1
"PJ Sangwan","SB Jakati",1
"PJ Sangwan","LR Shukla",1
"PJ Sangwan","A Nehra",1
"PJ Sangwan","Mohammed Siraj",1
"PJ Sangwan","JD Unadkat",1
"Ankit Soni","S Kaul",1
"Ankit Soni","JD Unadkat",1
"A Choudhary","MM Sharma",1
"Bipul Sharma","SL Malinga",1
"Bipul Sharma","JD Unadkat",1
"MN Samuels","HV Patel",1
"MN Samuels","DT Christian",1
"MN Samuels","JP Faulkner",1
"MN Samuels","KV Sharma",1
"Z Khan","DW Steyn",2
"Z Khan","DE Bollinger",2
"Swapnil Singh","JD Unadkat",1
"Swapnil Singh","CR Woakes",1
"P Kumar","SL Malinga",3
"MM Patel","A Kumble",2
"SS Tiwary","SB Jakati",2
"SS Tiwary","PP Chawla",2
"R Tewatia","SN Thakur",1
"CJ Jordan","NM Coulter-Nile",1
"IR Jaggi","Iqbal Abdulla",1
"IR Jaggi","SK Warne",1
"IR Jaggi","KV Sharma",1
"PP Chawla","SL Malinga",3
"AS Rajpoot","SL Malinga",1
"Washington Sundar","MG Johnson",1
"SC Ganguly","R Vinay Kumar",4
"RT Ponting","ST Jayasuriya",1
"RT Ponting","JDP Oram",1
"RT Ponting","WPUJC Vaas",1
"RT Ponting","JH Kallis",1
"DJ Hussey","SK Trivedi",4
"R Dravid","Harbhajan Singh",4
"JH Kallis","RP Singh",4
"W Jaffer","A Singh",1
"W Jaffer","Z Khan",1
"W Jaffer","PP Ojha",1
"W Jaffer","S Sreesanth",1
"W Jaffer","WPUJC Vaas",1
"W Jaffer","GD McGrath",1
"W Jaffer","P Amarnath",1
"W Jaffer","AB Dinda",1
"MV Boucher","PJ Sangwan",2
"MV Boucher","RP Singh",2
"B Akhil","M Morkel",1
"B Akhil","JDP Oram",1
"B Akhil","SK Warne",1
"B Akhil","MF Maharoof",1
"B Akhil","DR Smith",1
"B Akhil","AB Agarkar",1
"CL White","R Vinay Kumar",2
"AA Noffke","SC Ganguly",1
"SB Joshi","SK Warne",1
"SB Joshi","LR Shukla",1
"ML Hayden","KA Pollard",2
"ML Hayden","RR Powar",2
"ML Hayden","R Vinay Kumar",2
"ML Hayden","A Kumble",2
"ML Hayden","YK Pathan",2
"ML Hayden","PJ Sangwan",2
"ML Hayden","A Nehra",2
"JDP Oram","R Vinay Kumar",2
"JDP Oram","IK Pathan",2
"K Goel","Harbhajan Singh",2
"K Goel","MS Gony",2
"JR Hopes","DJ Bravo",1
"JR Hopes","Harbhajan Singh",1
"JR Hopes","Iqbal Abdulla",1
"JR Hopes","A Mithun",1
"JR Hopes","M Ntini",1
"JR Hopes","Umar Gul",1
"JR Hopes","SM Pollock",1
"JR Hopes","A Mishra",1
"JR Hopes","YK Pathan",1
"JR Hopes","R Vinay Kumar",1
"JR Hopes","JA Morkel",1
"JR Hopes","Z Khan",1
"JR Hopes","AB Dinda",1
"JR Hopes","SK Warne",1
"JR Hopes","P Amarnath",1
"KC Sangakkara","R Sharma",5
"T Kohli","AB Dinda",1
"T Kohli","M Ntini",1
"T Kohli","GD McGrath",1
"DS Lehmann","IK Pathan",1
"DS Lehmann","MF Maharoof",1
"M Kaif","M Muralitharan",2
"M Kaif","A Mishra",2
"M Kaif","RR Raje",2
"M Kaif","S Sreesanth",2
"M Rawat","Mohammad Asif",1
"M Rawat","A Nehra",1
"M Rawat","P Kumar",1
"M Rawat","R Bhatia",1
"SK Warne","A Mishra",3
"V Sehwag","AG Murtaza",3
"V Sehwag","MM Patel",3
"V Sehwag","A Nehra",3
"V Sehwag","P Kumar",3
"V Sehwag","DW Steyn",3
"V Sehwag","SR Watson",3
"L Ronchi","DP Nannes",1
"L Ronchi","RP Singh",1
"L Ronchi","B Lee",1
"L Ronchi","JDP Oram",1
"L Ronchi","Z Khan",1
"ST Jayasuriya","RE van der Merwe",2
"ST Jayasuriya","RP Singh",2
"ST Jayasuriya","DW Steyn",2
"ST Jayasuriya","SR Watson",2
"ST Jayasuriya","B Lee",2
"PR Shah","DP Nannes",1
"PR Shah","R Bhatia",1
"PR Shah","TL Suman",1
"PR Shah","VY Mahesh",1
"PR Shah","S Sreesanth",1
"PR Shah","RP Singh",1
"PR Shah","B Akhil",1
"AM Nayar","A Nehra",2
"AM Nayar","IK Pathan",2
"SM Pollock","Sohail Tanvir",1
"SM Pollock","MF Maharoof",1
"SM Pollock","Yuvraj Singh",1
"SM Pollock","VY Mahesh",1
"SM Pollock","SB Bangar",1
"SM Pollock","S Sreesanth",1
"SM Pollock","P Amarnath",1
"SM Pollock","Z Khan",1
"S Chanderpaul","I Sharma",1
"S Chanderpaul","SR Watson",1
"S Chanderpaul","DS Kulkarni",1
"LRPL Taylor","PP Ojha",3
"Y Venugopal Rao","R Ashwin",3
"Y Venugopal Rao","SL Malinga",3
"VVS Laxman","DJ Bravo",2
"VVS Laxman","AB Dinda",2
"AC Gilchrist","IK Pathan",4
"SB Styris","KP Pietersen",1
"SB Styris","M Muralitharan",1
"SB Styris","Z Khan",1
"SB Styris","MF Maharoof",1
"SB Styris","SC Ganguly",1
"SB Styris","YK Pathan",1
"SB Styris","Mohammad Hafeez",1
"AS Yadav","JA Morkel",1
"AS Yadav","DW Steyn",1
"AS Yadav","SR Watson",1
"AS Yadav","VY Mahesh",1
"AS Yadav","DJ Hussey",1
"A Symonds","A Mishra",3
"WPUJC Vaas","PD Collingwood",1
"WPUJC Vaas","SW Tait",1
"WPUJC Vaas","IK Pathan",1
"WPUJC Vaas","CK Langeveldt",1
"WPUJC Vaas","YK Pathan",1
"WPUJC Vaas","LR Shukla",1
"WPUJC Vaas","DW Steyn",1
"WPUJC Vaas","AB Agarkar",1
"SB Bangar","Kamran Khan",1
"SB Bangar","SC Ganguly",1
"SB Bangar","SR Watson",1
"SB Bangar","R Vinay Kumar",1
"SB Bangar","PP Chawla",1
"SB Bangar","R Bhatia",1
"SB Bangar","M Kartik",1
"PP Ojha","SK Raina",2
"Mohammad Hafeez","MM Patel",1
"Mohammad Hafeez","M Ntini",1
"Mohammad Hafeez","SM Pollock",1
"Mohammad Hafeez","IK Pathan",1
"Mohammad Hafeez","ST Jayasuriya",1
"Mohammad Hafeez","P Amarnath",1
"Mohammad Hafeez","PP Ojha",1
"DPMD Jayawardene","I Sharma",3
"DPMD Jayawardene","SL Malinga",3
"DPMD Jayawardene","DL Vettori",3
"DPMD Jayawardene","JA Morkel",3
"DPMD Jayawardene","M Muralitharan",3
"B Lee","RP Singh",1
"B Lee","AB Agarkar",1
"B Lee","M Muralitharan",1
"B Lee","Z Khan",1
"B Lee","SK Raina",1
"B Lee","SL Malinga",1
"B Lee","SK Trivedi",1
"S Sohal","RP Singh",2
"Kamran Akmal","JA Morkel",1
"Kamran Akmal","A Nehra",1
"Kamran Akmal","PP Chawla",1
"Kamran Akmal","WPUJC Vaas",1
"Kamran Akmal","JR Hopes",1
"Shahid Afridi","L Balaji",1
"Shahid Afridi","P Kumar",1
"Shahid Afridi","DJ Bravo",1
"Shahid Afridi","A Mishra",1
"Shahid Afridi","SK Warne",1
"Shahid Afridi","Gagandeep Singh",1
"Shahid Afridi","YK Pathan",1
"Shahid Afridi","R Bhatia",1
"MEK Hussey","Z Khan",4
"DJ Bravo","PP Ojha",3
"DJ Bravo","RP Singh",3
"MA Khote","S Sreesanth",1
"MA Khote","M Muralitharan",1
"GC Smith","P Kumar",2
"D Salunkhe","JR Hopes",1
"D Salunkhe","RP Singh",1
"RR Sarwan","L Balaji",1
"RR Sarwan","P Kumar",1
"RR Sarwan","SB Bangar",1
"RR Sarwan","A Nehra",1
"S Sreesanth","RE van der Merwe",1
"S Sreesanth","WD Parnell",1
"S Sreesanth","DS Kulkarni",1
"VRV Singh","L Balaji",1
"VRV Singh","DS Kulkarni",1
"AB Agarkar","SR Watson",2
"M Kartik","L Balaji",2
"LR Shukla","Z Khan",2
"LR Shukla","VRV Singh",2
"Shoaib Malik","L Balaji",1
"Shoaib Malik","SM Pollock",1
"Shoaib Malik","DW Steyn",1
"Shoaib Malik","VRV Singh",1
"MF Maharoof","L Ablish",1
"MF Maharoof","Iqbal Abdulla",1
"MF Maharoof","ST Jayasuriya",1
"MF Maharoof","B Lee",1
"MF Maharoof","SK Warne",1
"MF Maharoof","JR Hopes",1
"MF Maharoof","PP Ojha",1
"MF Maharoof","AB Dinda",1
"MF Maharoof","SR Watson",1
"MF Maharoof","IK Pathan",1
"SM Katich","M Muralitharan",1
"SM Katich","A Symonds",1
"SM Katich","MF Maharoof",1
"SM Katich","DS Kulkarni",1
"SM Katich","RG Sharma",1
"SM Katich","L Balaji",1
"SM Katich","SK Trivedi",1
"SM Katich","BJ Hodge",1
"SM Katich","JD Ryder",1
"SM Katich","R Bhatia",1
"TM Srivastava","VY Mahesh",1
"B Chipli","AB Agarkar",1
"B Chipli","JA Morkel",1
"B Chipli","R Vinay Kumar",1
"B Chipli","KA Pollard",1
"B Chipli","PC Valthaty",1
"B Chipli","R Bhatia",1
"B Chipli","SK Trivedi",1
"B Chipli","RP Singh",1
"B Chipli","GD McGrath",1
"B Chipli","MS Gony",1
"DB Das","S Sreesanth",2
"DB Das","Sohail Tanvir",2
"HH Gibbs","Z Khan",3
"DNT Zoysa","S Sreesanth",1
"D Kalyankrishna","IK Pathan",1
"SA Asnodkar","P Kumar",2
"SA Asnodkar","JA Morkel",2
"Salman Butt","S Sreesanth",1
"Salman Butt","MM Patel",1
"Salman Butt","L Balaji",1
"Salman Butt","SM Pollock",1
"Salman Butt","VY Mahesh",1
"Salman Butt","WPUJC Vaas",1
"Salman Butt","Sohail Tanvir",1
"BJ Hodge","M Morkel",2
"BJ Hodge","YK Pathan",2
"BJ Hodge","RJ Harris",2
"BJ Hodge","A Nehra",2
"BJ Hodge","SL Malinga",2
"BJ Hodge","Z Khan",2
"Umar Gul","Sohail Tanvir",2
"SP Fleming","DP Vijaykumar",1
"SP Fleming","YK Pathan",1
"SP Fleming","A Kumble",1
"SP Fleming","DS Kulkarni",1
"SP Fleming","S Sreesanth",1
"SP Fleming","Mohammad Asif",1
"SP Fleming","SB Styris",1
"SP Fleming","Sohail Tanvir",1
"SP Fleming","VY Mahesh",1
"S Vidyut","YK Pathan",1
"S Vidyut","IK Pathan",1
"S Vidyut","DW Steyn",1
"S Vidyut","SM Pollock",1
"S Vidyut","S Sreesanth",1
"S Vidyut","PJ Sangwan",1
"S Vidyut","Sohail Tanvir",1
"S Vidyut","GD McGrath",1
"JA Morkel","PP Ojha",3
"LPC Silva","AM Nayar",1
"LPC Silva","V Kohli",1
"DB Ravi Teja","SL Malinga",3
"RP Singh","SK Trivedi",2
"RP Singh","DW Steyn",2
Misbah-ul-Haq,"Shahid Afridi",1
Misbah-ul-Haq,"L Balaji",1
Misbah-ul-Haq,"MM Patel",1
Misbah-ul-Haq,"S Sreesanth",1
Misbah-ul-Haq,"CRD Fernando",1
Misbah-ul-Haq,"PP Chawla",1
Misbah-ul-Haq,"DB Ravi Teja",1
"YV Takawale","SK Trivedi",1
"YV Takawale","SK Warne",1
"YV Takawale","VY Mahesh",1
"DJ Thornely","Shahid Afridi",1
"DJ Thornely","R Bhatia",1
"DJ Thornely","Z Khan",1
"Mohammad Asif","RA Jadeja",1
"Mohammad Asif","DS Kulkarni",1
"GD McGrath","DS Kulkarni",1
"S Badrinath","RP Singh",3
"Joginder Sharma","Harbhajan Singh",1
"Joginder Sharma","DP Nannes",1
"Joginder Sharma","RP Singh",1
"Joginder Sharma","MM Patel",1
"M Muralitharan","A Symonds",1
"M Muralitharan","P Kumar",1
"M Muralitharan","DP Nannes",1
"M Muralitharan","Sohail Tanvir",1
"M Ntini","Sohail Tanvir",1
"DT Patil","SK Warne",1
"DT Patil","VRV Singh",1
"A Kumble","YA Abdulla",1
"A Kumble","Sohail Tanvir",1
"A Kumble","IK Pathan",1
"S Anirudha","JE Taylor",1
"S Anirudha","Harbhajan Singh",1
"S Anirudha","P Kumar",1
"S Anirudha","JH Kallis",1
"S Anirudha","RJ Harris",1
"S Anirudha","RP Singh",1
"Sohail Tanvir","MF Maharoof",1
"Sohail Tanvir","Umar Gul",1
"Sohail Tanvir","A Nehra",1
"SK Trivedi","B Lee",1
"SK Trivedi","AB Dinda",1
"SK Trivedi","DR Smith",1
"SK Trivedi","RP Singh",1
"SK Trivedi","L Balaji",1
"SK Trivedi","DJ Bravo",1
"CK Kapugedera","Sohail Tanvir",1
"CK Kapugedera","DS Kulkarni",1
"CK Kapugedera","VY Mahesh",1
"A Chopra","PP Ojha",1
"A Chopra","JR Hopes",1
"A Chopra","SM Pollock",1
"A Chopra","PJ Sangwan",1
"A Chopra","Y Venugopal Rao",1
"A Chopra","DW Steyn",1
"T Taibu","PJ Sangwan",1
"T Taibu","RP Singh",1
"T Taibu","DW Steyn",1
"J Arunkumar","Sohail Tanvir",1
"J Arunkumar","S Sreesanth",1
"J Arunkumar","Umar Gul",1
"R Vinay Kumar","A Singh",3
"TM Dilshan","S Sreesanth",3
"TM Dilshan","I Sharma",3
"TM Dilshan","RP Singh",3
"VY Mahesh","MM Patel",1
"VY Mahesh","LR Shukla",1
"SR Tendulkar","PP Chawla",3
"SR Tendulkar","R Bhatia",3
"SR Tendulkar","RP Singh",3
"Younis Khan","IK Pathan",1
"Niraj Patel","CK Langeveldt",1
"Niraj Patel","JD Ryder",1
"Niraj Patel","MS Gony",1
"Niraj Patel","PP Chawla",1
"Shoaib Akhtar","RR Raje",1
"H Das","CRD Fernando",1
"SD Chitnis","WD Parnell",1
"SD Chitnis","DJ Bravo",1
"SD Chitnis","VY Mahesh",1
"SD Chitnis","VRV Singh",1
"A Nehra","IK Pathan",1
"A Nehra","VRV Singh",1
"VS Yeligati","VRV Singh",1
"MS Gony","R McLaren",1
"MS Gony","J Theron",1
"MS Gony","PP Chawla",1
"MS Gony","DL Vettori",1
"MS Gony","P Kumar",1
"L Balaji","A Mishra",1
"L Balaji","RP Singh",1
"L Balaji","R Vinay Kumar",1
"L Balaji","A Nehra",1
"L Balaji","DP Nannes",1
"L Balaji","DW Steyn",1
"LA Pomersbach","M Muralitharan",1
"LA Pomersbach","A Symonds",1
"LA Pomersbach","MF Maharoof",1
"LA Pomersbach","AM Rahane",1
"LA Pomersbach","PP Ojha",1
"A Nel","VY Mahesh",1
"A Mukund","Sohail Tanvir",1
"WA Mota","TL Suman",2
"JP Duminy","Z Khan",2
"JP Duminy","JA Morkel",2
"JP Duminy","SK Trivedi",2
"JP Duminy","DP Nannes",2
"A Flintoff","A Nehra",1
"A Flintoff","Harbhajan Singh",1
"JD Ryder","Harbhajan Singh",2
"JD Ryder","IK Pathan",2
"KP Pietersen","Harbhajan Singh",3
"T Henderson","AB Agarkar",1
"T Henderson","JD Ryder",1
"Kamran Khan","A Kumble",1
"RS Bopara","DJ Bravo",2
"R Bishnoi","YA Abdulla",1
"R Bishnoi","Harmeet Singh",1
"R Bishnoi","M Muralitharan",1
"PC Valthaty","IK Pathan",2
"PC Valthaty","A Mishra",2
"RJ Quiney","A Nehra",2
"Yashpal Singh","MM Patel",1
"Yashpal Singh","A Mishra",1
"Yashpal Singh","DJ Bravo",1
"Yashpal Singh","SK Warne",1
"Pankaj Singh","KA Pollard",1
"Pankaj Singh","IK Pathan",1
"FH Edwards","SL Malinga",1
"AS Raut","R Ashwin",1
"AS Raut","BA Bhatt",1
"AS Raut","R Bhatia",1
"AS Raut","JD Unadkat",1
"AS Raut","Harmeet Singh",1
"AS Raut","A Mishra",1
"AS Raut","RG Sharma",1
"AS Raut","SB Jakati",1
"AS Raut","PP Chawla",1
"AN Ghosh","R Vinay Kumar",1
"AN Ghosh","AM Nayar",1
"BAW Mendis","SL Malinga",1
"DL Vettori","PP Chawla",1
"DL Vettori","IK Pathan",1
"DL Vettori","MM Patel",1
"RE van der Merwe","AD Mathews",1
"RE van der Merwe","PP Ojha",1
"RE van der Merwe","JA Morkel",1
"RE van der Merwe","A Symonds",1
"RE van der Merwe","L Balaji",1
"RE van der Merwe","Harbhajan Singh",1
"RE van der Merwe","A Singh",1
"RE van der Merwe","YA Abdulla",1
"RE van der Merwe","I Sharma",1
"RR Powar","RE van der Merwe",1
"RR Powar","DP Nannes",1
"RR Powar","DJ Bravo",1
"AA Bilakhia","SK Warne",1
"AA Bilakhia","R Vinay Kumar",1
"AA Bilakhia","A Mishra",1
"AA Bilakhia","SM Harwood",1
"AA Bilakhia","DL Vettori",1
"TL Suman","Harbhajan Singh",3
"Shoaib Ahmed","R Bhatia",1
"Shoaib Ahmed","DP Nannes",1
"GR Napier","CH Gayle",1
"MN van Wyk","DP Nannes",1
"MN van Wyk","A Nehra",1
"MN van Wyk","GR Napier",1
"LA Carseldine","WPUJC Vaas",1
"LA Carseldine","SK Raina",1
"LA Carseldine","A Kumble",1
"LA Carseldine","Y Venugopal Rao",1
"M Vijay","SR Watson",4
"SB Jakati","DP Nannes",1
"M Manhas","SL Malinga",2
"M Manhas","R Sharma",2
"RJ Harris","MM Patel",2
"D du Preez","A Singh",1
"RR Raje","R Bhatia",1
"S Tyagi","P Kumar",1
"C Nanda","MM Patel",1
"A Singh","SK Raina",1
"A Singh","Shakib Al Hasan",1
"A Singh","A Mishra",1
"AB McDonald","DE Bollinger",1
"AB McDonald","A Kumble",1
"Y Nagar","R Vinay Kumar",2
"SS Shaikh","J Botha",1
"R Ashwin","Harbhajan Singh",3
"T Thushara","RJ Harris",1
"T Thushara","IK Pathan",1
"Mohammad Ashraful","PJ Sangwan",1
"CA Pujara","JH Kallis",2
"Anirudh Singh","JH Kallis",1
"Anirudh Singh","SK Warne",1
"Anirudh Singh","Bipul Sharma",1
"Anirudh Singh","LR Shukla",1
"R Sathish","JA Morkel",2
"AA Jhunjhunwala","SJ Srivastava",1
"AA Jhunjhunwala","KA Pollard",1
"AA Jhunjhunwala","Pankaj Singh",1
"AA Jhunjhunwala","Harbhajan Singh",1
"AA Jhunjhunwala","Harmeet Singh",1
"AA Jhunjhunwala","DE Bollinger",1
"AA Jhunjhunwala","MF Maharoof",1
"AA Jhunjhunwala","T Thushara",1
"AA Jhunjhunwala","I Sharma",1
"AA Jhunjhunwala","JH Kallis",1
"AA Jhunjhunwala","SL Malinga",1
"P Dogra","M Kartik",1
"P Dogra","S Ladda",1
"P Dogra","T Thushara",1
"P Dogra","IK Pathan",1
"P Dogra","I Sharma",1
"P Dogra","P Kumar",1
"P Dogra","A Mishra",1
"P Dogra","SL Malinga",1
"A Uniyal","SL Malinga",1
"MS Bisla","A Mishra",2
"MS Bisla","SK Warne",2
"MS Bisla","JA Morkel",2
"JM Kemp","DP Nannes",1
"JM Kemp","PP Ojha",1
"OA Shah","Z Khan",2
"RS Gavaskar","JM Kemp",1
"SE Bond","R Ashwin",1
"DP Nannes","Harbhajan Singh",1
"MJ Lumb","JA Morkel",2
"DR Martyn","P Kumar",1
"S Narwal","PD Collingwood",1
"S Narwal","P Kumar",1
"AB Barath","JP Duminy",1
"AB Barath","PP Ojha",1
"FY Fazal","Iqbal Abdulla",1
"FY Fazal","AB Dinda",1
"FY Fazal","Harbhajan Singh",1
"FY Fazal","PP Ojha",1
"FY Fazal","M Muralitharan",1
"FY Fazal","MF Maharoof",1
"FY Fazal","SB Jakati",1
"FY Fazal","IK Pathan",1
"FY Fazal","SE Bond",1
"MD Mishra","P Kumar",2
"S Ladda","WPUJC Vaas",1
"J Theron","SW Tait",1
"J Theron","L Balaji",1
"SJ Srivastava","SW Tait",1
"R Sharma","MM Patel",2
"AC Voges","AB Dinda",1
"AC Voges","Z Khan",1
"AC Voges","A Mishra",1
"AC Voges","JA Morkel",1
"Jaskaran Singh","Harbhajan Singh",1
"KAJ Roach","Z Khan",1
"PD Collingwood","KA Pollard",1
"PD Collingwood","PP Chawla",1
"PD Collingwood","BAW Mendis",1
"PD Collingwood","S Narwal",1
"PD Collingwood","CK Langeveldt",1
"CK Langeveldt","AB McDonald",1
"VS Malik","Z Khan",1
"SW Tait","Shakib Al Hasan",1
"SW Tait","V Sehwag",1
"A Mithun","M Morkel",1
"A Mithun","A Mishra",1
"AP Dole","Harbhajan Singh",1
"AP Dole","RJ Harris",1
"Harmeet Singh","M Muralitharan",1
"Harmeet Singh","SK Trivedi",1
"R McLaren","S Aravind",1
"R McLaren","SW Tait",1
"R McLaren","KP Pietersen",1
"R McLaren","L Ablish",1
"R McLaren","R Ashwin",1
"S Sriram","AB Dinda",1
"KP Appanna","RJ Harris",1
"C Madan","AB McDonald",1
"AG Paunikar","Iqbal Abdulla",1
"AG Paunikar","Shakib Al Hasan",1
"AG Paunikar","AB Dinda",1
"AG Paunikar","DW Steyn",1
"AG Paunikar","R Vinay Kumar",1
"MR Marsh","DE Bollinger",1
"MR Marsh","A Nehra",1
"MR Marsh","Yuvraj Singh",1
"B Sumanth","DE Bollinger",1
"RV Gomez","S Aravind",1
"RV Gomez","I Sharma",1
"RV Gomez","SK Trivedi",1
"RV Gomez","DP Nannes",1
"UT Yadav","Harbhajan Singh",1
"DJ Jacobs","Bipul Sharma",1
"DJ Jacobs","A Singh",1
"DJ Jacobs","I Sharma",1
"DJ Jacobs","RV Gomez",1
"DJ Jacobs","DP Nannes",1
"DJ Jacobs","M Morkel",1
"Sunny Singh","DL Vettori",1
"Sunny Singh","AB Agarkar",1
"Sunny Singh","S Randiv",1
"Sunny Singh","M Kartik",1
"AL Menaria","R Ashwin",2
"AL Menaria","YK Pathan",2
"AUK Pathan","RJ Harris",1
"AUK Pathan","TG Southee",1
"AUK Pathan","SL Malinga",1
"JJ van der Wath","DW Steyn",1
"R Ninan","DT Christian",1
"MS Wade","A Mithun",1
"MS Wade","R Sharma",1
"TD Paine","S Aravind",1
"TD Paine","MM Patel",1
"SB Wagh","KA Pollard",1
"SB Wagh","SL Malinga",1
"JEC Franklin","SB Wagh",1
"S Randiv","SL Malinga",1
"BJ Haddin","J Syed Mohammad",1
"JE Taylor","DE Bollinger",1
"NL McCullum","DE Bollinger",1
"RN ten Doeschate","M Morkel",1
"TR Birt","DT Christian",1
"TR Birt","R Vinay Kumar",1
"TR Birt","RR Powar",1
"TR Birt","YK Pathan",1
"M Klinger","CH Gayle",1
"M Klinger","YK Pathan",1
"M Klinger","RE van der Merwe",1
"M Klinger","M Morkel",1
"Harpreet Singh","SR Watson",1
"AC Blizzard","P Kumar",1
"AC Blizzard","S Nadeem",1
"AC Blizzard","AC Thomas",1
"CA Ingram","R Ashwin",1
"CA Ingram","SL Malinga",1
"DA Warner","UT Yadav",3
"DA Warner","Sandeep Sharma",3
"DA Warner","BW Hilfenhaus",3
"S Dhawan","JP Faulkner",4
"MC Henriques","Sandeep Sharma",2
"MC Henriques","SR Watson",2
"Mandeep Singh","MM Sharma",3
"KM Jadhav","HV Patel",2
"KM Jadhav","JA Morkel",2
"TM Head","Sandeep Sharma",1
"TM Head","JJ Bumrah",1
"Sachin Baby","DS Kulkarni",1
"Sachin Baby","Sandeep Sharma",1
"Sachin Baby","AD Russell",1
"Sachin Baby","A Nehra",1
"Sachin Baby","A Mishra",1
"STR Binny","Imran Tahir",2
"STR Binny","RA Jadeja",2
"STR Binny","MG Johnson",2
"STR Binny","R Vinay Kumar",2
"STR Binny","Yuvraj Singh",2
"STR Binny","UT Yadav",2
"STR Binny","KA Pollard",2
"PA Patel","B Kumar",5
"AT Rayudu","MM Sharma",5
"KH Pandya","DR Smith",1
"KH Pandya","CH Morris",1
"KH Pandya","MP Stoinis",1
"KH Pandya","BB Sran",1
"KH Pandya","SP Narine",1
"KH Pandya","Z Khan",1
"N Rana","DJ Bravo",1
"N Rana","MP Stoinis",1
"N Rana","YS Chahal",1
"KA Pollard","MM Sharma",3
"KA Pollard","DJ Bravo",3
"TG Southee","MM Sharma",1
"TG Southee","Mustafizur Rahman",1
"TG Southee","DJ Bravo",1
"TG Southee","R Vinay Kumar",1
"TG Southee","RA Jadeja",1
"AM Rahane","B Kumar",6
"AJ Finch","MG Johnson",3
"SPD Smith","RA Jadeja",4
"M Vohra","IC Pandey",2
"M Vohra","M Morkel",2
"M Vohra","Imran Tahir",2
"M Vohra","A Mishra",2
"M Vohra","L Balaji",2
"M Vohra","RA Jadeja",2
"WP Saha","M Morkel",3
"AR Patel","SP Narine",3
"P Negi","MA Starc",2
"P Negi","GB Hogg",2
"AP Tare","Shakib Al Hasan",2
"AP Tare","JA Morkel",2
"AP Tare","Sandeep Sharma",2
"AP Tare","KK Cooper",2
"SW Billings","CJ Jordan",1
"SW Billings","MP Stoinis",1
"SW Billings","R Bhatia",1
"SW Billings","UT Yadav",1
"CH Morris","UT Yadav",2
"CR Brathwaite","CH Gayle",1
"CR Brathwaite","Mustafizur Rahman",1
"CR Brathwaite","Sandeep Sharma",1
"CR Brathwaite","SM Boland",1
"CR Brathwaite","AD Russell",1
"CR Brathwaite","PP Chawla",1
"PJ Cummins","DJ Bravo",1
"DR Smith","Harbhajan Singh",4
"DS Kulkarni","CJ Jordan",2
"SA Yadav","JP Faulkner",2
"SP Narine","MG Johnson",2
"F du Plessis","SL Malinga",4
"R Bhatia","MM Sharma",2
"A Zampa","A Nehra",1
"DJ Hooda","DJ Bravo",2
"DJ Hooda","SL Malinga",2
"BCJ Cutting","S Kaushik",1
"BCJ Cutting","Kuldeep Yadav",1
"BCJ Cutting","R Shukla",1
"MP Stoinis","Z Khan",1
"MP Stoinis","AD Russell",1
"MP Stoinis","RA Jadeja",1
"MP Stoinis","DJ Bravo",1
"DA Miller","SL Malinga",3
"DA Miller","YS Chahal",3
"MM Sharma","MA Starc",2
"VR Aaron","B Kumar",1
"VR Aaron","R Ashwin",1
"VR Aaron","SP Narine",1
"MJ McClenaghan","Sandeep Sharma",1
"MJ McClenaghan","Mustafizur Rahman",1
"MJ McClenaghan","Kuldeep Yadav",1
"MJ McClenaghan","Imran Tahir",1
"Ankit Sharma","DJ Bravo",1
"Ankit Sharma","S Gopal",1
"Ankit Sharma","R Ashwin",1
"Ankit Sharma","L Balaji",1
"Ankit Sharma","KA Pollard",1
"Ankit Sharma","DE Bollinger",1
"MK Tiwary","M Morkel",4
"EJG Morgan","MR Marsh",2
"EJG Morgan","Azhar Mahmood",2
"KC Cariappa","P Kumar",1
"Harbhajan Singh","DJ Bravo",4
"HH Pandya","Mustafizur Rahman",2
"AD Nath","YS Chahal",1
"AD Nath","B Kumar",1
"AD Nath","MJ McClenaghan",1
"NM Coulter-Nile","DS Kulkarni",1
"NM Coulter-Nile","D Wiese",1
"NM Coulter-Nile","UT Yadav",1
"NM Coulter-Nile","R Ashwin",1
"NM Coulter-Nile","Azhar Mahmood",1
"KV Sharma","NM Coulter-Nile",2
"KV Sharma","DJ Bravo",2
"Anureet Singh","MA Starc",1
"Anureet Singh","P Kumar",1
"Anureet Singh","MM Sharma",1
"IK Pathan","SP Narine",3
"JP Faulkner","Sandeep Sharma",2
"JP Faulkner","B Kumar",2
"JJ Bumrah","BB Sran",1
"Mohammed Shami","AR Patel",1
"Mohammed Shami","R Ashwin",1
"Mohammed Shami","KK Cooper",1
"Bipul Sharma","CJ Jordan",1
"Bipul Sharma","AB Dinda",1
"Bipul Sharma","PP Chawla",1
"Bipul Sharma","DJ Bravo",1
"Bipul Sharma","SP Narine",1
"Bipul Sharma","AA Chavan",1
"B Kumar","RP Singh",2
"LMP Simmons","RA Jadeja",2
"LMP Simmons","Ankit Sharma",2
"LMP Simmons","R Ashwin",2
"MN Samuels","P Awana",1
"MN Samuels","NLTC Perera",1
"MN Samuels","A Ashish Reddy",1
"MN Samuels","R Ashwin",1
"MN Samuels","Z Khan",1
"MN Samuels","VY Mahesh",1
"MN Samuels","AD Mascarenhas",1
"MN Samuels","Harmeet Singh",1
"MN Samuels","SL Malinga",1
"Swapnil Singh","AD Russell",1
"SS Tiwary","AB Dinda",2
"R Tewatia","AR Patel",1
"A Mishra","JP Faulkner",2
"A Mishra","SL Malinga",2
"CJ Jordan","B Kumar",1
"IR Jaggi","Harbhajan Singh",1
"IR Jaggi","SP Narine",1
"PP Chawla","NLTC Perera",3
"RT Ponting","A Chandila",1
"RT Ponting","Yuvraj Singh",1
"RT Ponting","IK Pathan",1
"RT Ponting","AS Rajpoot",1
"RT Ponting","M Kartik",1
"CL White","P Parameswaran",2
"CL White","MN Samuels",2
"JR Hopes","PP Chawla",1
"M Rawat","JH Kallis",1
"V Sehwag","Z Khan",3
"PR Shah","BJ Hodge",1
"AM Nayar","M Kartik",2
"B Lee","S Sreesanth",1
"B Lee","KK Cooper",1
"B Lee","RE van der Merwe",1
"MEK Hussey","SP Narine",4
"S Sreesanth","R Vinay Kumar",1
"B Chipli","AG Murtaza",1
"B Chipli","JEC Franklin",1
"B Chipli","MM Patel",1
"B Chipli","RA Jadeja",1
"B Chipli","DS Kulkarni",1
"DW Steyn","JP Faulkner",2
"DW Steyn","SL Malinga",2
"BJ Hodge","R Vinay Kumar",2
"YV Takawale","R Ashwin",1
"YV Takawale","SP Narine",1
"YV Takawale","MG Johnson",1
"YV Takawale","STR Binny",1
"YV Takawale","JH Kallis",1
"M Muralitharan","A Ashish Reddy",1
"M Muralitharan","A Singh",1
"S Anirudha","Shakib Al Hasan",1
"S Anirudha","B Kumar",1
"SK Trivedi","R Rampaul",1
"SP Goswami","MM Patel",2
"AD Mascarenhas","R Bhatia",2
"SD Chitnis","AD Russell",1
"SD Chitnis","BW Hilfenhaus",1
"SD Chitnis","DW Steyn",1
"A Nehra","SL Malinga",1
"A Nehra","DJ Bravo",1
"A Nehra","NLTC Perera",1
"A Nehra","KA Pollard",1
"A Nehra","SP Narine",1
"MS Gony","JP Faulkner",1
"MS Gony","Harbhajan Singh",1
"MS Gony","A Mishra",1
"MS Gony","JH Kallis",1
"MS Gony","RA Jadeja",1
"L Balaji","SP Narine",1
"L Balaji","SL Malinga",1
"LA Pomersbach","RE van der Merwe",1
"LA Pomersbach","MM Sharma",1
"LA Pomersbach","SB Jakati",1
"LA Pomersbach","MM Patel",1
"LA Pomersbach","DE Bollinger",1
"LA Pomersbach","JH Kallis",1
"A Mukund","SK Trivedi",1
"JP Duminy","IC Pandey",2
"JD Ryder","P Kumar",2
"JD Ryder","YK Pathan",2
"PC Valthaty","AB Dinda",2
"BAW Mendis","CH Gayle",1
"DL Vettori","SK Trivedi",1
"DL Vettori","DE Bollinger",1
"DL Vettori","L Balaji",1
"DL Vettori","GJ Maxwell",1
"DL Vettori","R Ashwin",1
"RE van der Merwe","R Ashwin",1
"RE van der Merwe","P Awana",1
"M Vijay","S Aravind",4
"M Morkel","SP Narine",2
"SL Malinga","DJ Bravo",2
"SL Malinga","JP Faulkner",2
"SL Malinga","WD Parnell",2
"J Botha","Anand Rajan",2
"A Singh","KA Pollard",1
"GJ Bailey","MC Henriques",3
"AB McDonald","S Nadeem",1
"AB McDonald","Azhar Mahmood",1
"AB McDonald","M Morkel",1
"R Ashwin","SL Malinga",3
"CA Pujara","M Morkel",2
"R Sathish","DJ Bravo",2
"AA Jhunjhunwala","P Kumar",1
"AA Jhunjhunwala","M Morkel",1
"P Dogra","DW Steyn",1
"P Dogra","SP Narine",1
"P Dogra","R Bhatia",1
"MS Bisla","A Nehra",2
"MS Bisla","PP Ojha",2
"MS Bisla","PP Chawla",2
"OA Shah","UT Yadav",2
"S Narwal","UT Yadav",1
"FY Fazal","RP Singh",1
"CK Langeveldt","SJ Srivastava",1
"SW Tait","RP Singh",1
"A Mithun","SP Narine",1
"A Mithun","DJ Bravo",1
"A Mithun","RJ Harris",1
"Harmeet Singh","DJG Sammy",1
"Harmeet Singh","SP Narine",1
"R McLaren","SL Malinga",1
"R McLaren","RP Singh",1
"R McLaren","A Mishra",1
"S Sriram","PP Chawla",1
"MR Marsh","RA Jadeja",1
"MR Marsh","R Bhatia",1
"MR Marsh","R Vinay Kumar",1
"MR Marsh","DW Steyn",1
"MR Marsh","DJ Bravo",1
"MR Marsh","MG Johnson",1
"MR Marsh","RJ Harris",1
"MR Marsh","NLTC Perera",1
"MR Marsh","PP Ojha",1
"RV Gomez","RJ Harris",1
"UBT Chand","MM Sharma",2
"UBT Chand","P Kumar",2
"UBT Chand","B Lee",2
"UT Yadav","Z Khan",1
"UT Yadav","A Nehra",1
"UT Yadav","MG Johnson",1
"UT Yadav","DJ Bravo",1
"UT Yadav","R Ashwin",1
"UT Yadav","P Parameswaran",1
"DJ Jacobs","S Nadeem",1
"AL Menaria","PP Chawla",2
"AUK Pathan","A Mishra",1
"AUK Pathan","PC Valthaty",1
"WD Parnell","SP Narine",2
"JJ van der Wath","PP Chawla",1
"MS Wade","MR Marsh",1
"JEC Franklin","DJ Bravo",1
"JEC Franklin","R Vinay Kumar",1
"JEC Franklin","BW Hilfenhaus",1
"JEC Franklin","B Kumar",1
"JEC Franklin","A Ashish Reddy",1
"JEC Franklin","Azhar Mahmood",1
"JEC Franklin","P Kumar",1
"JEC Franklin","A Singh",1
"JEC Franklin","AB Dinda",1
"JEC Franklin","Z Khan",1
"Shakib Al Hasan","SL Malinga",3
"NLTC Perera","SR Watson",2
"NLTC Perera","A Nehra",2
"RN ten Doeschate","MC Henriques",1
"RN ten Doeschate","MA Starc",1
"RN ten Doeschate","Sandeep Sharma",1
"RN ten Doeschate","Karanveer Singh",1
"RN ten Doeschate","MG Johnson",1
"RN ten Doeschate","KV Sharma",1
"RN ten Doeschate","PV Tambe",1
"RN ten Doeschate","A Mishra",1
"RN ten Doeschate","RV Gomez",1
"RN ten Doeschate","B Kumar",1
"RN ten Doeschate","Harmeet Singh",1
"RN ten Doeschate","M Muralitharan",1
"RN ten Doeschate","AN Ahmed",1
"TR Birt","P Kumar",1
"Harpreet Singh","SP Narine",1
"AC Blizzard","IK Pathan",1
"AC Blizzard","S Aravind",1
"AC Blizzard","B Lee",1
"AC Blizzard","JP Duminy",1
"DH Yagnik","Harbhajan Singh",2
"KB Arun Karthik","Harbhajan Singh",1
"KB Arun Karthik","M Morkel",1
"KB Arun Karthik","NLTC Perera",1
"KB Arun Karthik","PP Chawla",1
"KB Arun Karthik","Iqbal Abdulla",1
"AA Chavan","KA Pollard",1
"AA Chavan","BJ Hodge",1
"ND Doshi","P Parameswaran",1
"CJ Ferguson","R Bhatia",1
"CJ Ferguson","J Botha",1
"CJ Ferguson","Harmeet Singh",1
"CJ Ferguson","KA Pollard",1
"CJ Ferguson","Shakib Al Hasan",1
"CJ Ferguson","JP Duminy",1
"Y Gnaneswara Rao","DJ Bravo",1
"S Rana","DJ Hussey",1
"S Rana","AR Patel",1
"S Rana","SR Watson",1
"S Rana","L Balaji",1
"BA Bhatt","Anand Rajan",1
"DE Bollinger","SL Malinga",1
"RE Levi","DW Steyn",2
"HV Patel","A Nehra",2
"DJ Harris","DJ Hussey",1
"DJ Harris","J Syed Mohammad",1
"DJ Harris","M Morkel",1
"DJ Harris","DE Bollinger",1
"KK Cooper","AR Patel",1
"KK Cooper","Harbhajan Singh",1
"KK Cooper","JP Duminy",1
"KK Cooper","KA Pollard",1
"KK Cooper","DW Steyn",1
"KK Cooper","SP Narine",1
"KK Cooper","A Nehra",1
"KK Cooper","Z Khan",1
"KK Cooper","MM Patel",1
"GB Hogg","Anureet Singh",1
"GB Hogg","HV Patel",1
"GB Hogg","MM Patel",1
"RR Bhatkal","DE Bollinger",1
"CJ McKay","IK Pathan",1
"N Saini","DJ Bravo",1
"N Saini","UT Yadav",1
"N Saini","DT Christian",1
"N Saini","A Ashish Reddy",1
"N Saini","SW Tait",1
"N Saini","AB McDonald",1
"N Saini","KMDN Kulasekara",1
"N Saini","CJ McKay",1
"N Saini","PP Ojha",1
"N Saini","Z Khan",1
"Azhar Mahmood","SP Narine",2
"Azhar Mahmood","A Mishra",2
"AC Thomas","R Vinay Kumar",1
"AC Thomas","MS Gony",1
"RJ Peterson","DJ Bravo",1
"RJ Peterson","A Nehra",1
"RJ Peterson","M Morkel",1
"A Ashish Reddy","R Vinay Kumar",2
"V Pratap Singh","SL Malinga",1
"MJ Clarke","YK Pathan",1
"MJ Clarke","R Vinay Kumar",1
"MJ Clarke","STR Binny",1
"MJ Clarke","M de Lange",1
"MJ Clarke","Harbhajan Singh",1
"MJ Clarke","V Pratap Singh",1
"Gurkeerat Singh","R Ashwin",2
"Gurkeerat Singh","AD Russell",2
"Gurkeerat Singh","DJ Bravo",2
"AP Majumdar","Shakib Al Hasan",1
"AP Majumdar","A Chandila",1
"AP Majumdar","HV Patel",1
"AP Majumdar","J Botha",1
"PA Reddy","RP Singh",1
"PA Reddy","MG Johnson",1
"PA Reddy","A Chandila",1
"PA Reddy","MS Gony",1
"PA Reddy","S Kaul",1
"PA Reddy","M Muralitharan",1
"PA Reddy","Yuvraj Singh",1
"PA Reddy","R Vinay Kumar",1
"PA Reddy","SK Trivedi",1
"PA Reddy","PP Chawla",1
"AD Russell","Sandeep Sharma",1
"AD Russell","YS Chahal",1
"AD Russell","A Mishra",1
"AD Russell","TG Southee",1
"AD Russell","NLTC Perera",1
"AD Russell","Mustafizur Rahman",1
"AD Russell","MJ McClenaghan",1
"AD Russell","CH Morris",1
"AD Russell","SL Malinga",1
"AD Russell","AR Patel",1
"AD Russell","Bipul Sharma",1
"AD Russell","HV Patel",1
"AD Russell","A Nehra",1
"AD Russell","Imran Tahir",1
"AD Russell","RS Bopara",1
"AD Russell","MG Johnson",1
"AD Russell","SR Watson",1
"AD Russell","MM Sharma",1
"AD Russell","KK Cooper",1
"AD Russell","SP Narine",1
"AD Russell","R Ashwin",1
"AD Russell","P Parameswaran",1
"Sunny Gupta","SB Jakati",1
"MC Juneja","Harmeet Singh",1
"MC Juneja","MM Sharma",1
"MC Juneja","JD Unadkat",1
"MC Juneja","A Mishra",1
"MC Juneja","SL Malinga",1
"MC Juneja","KK Cooper",1
"MC Juneja","L Balaji",1
"GH Vihari","SL Malinga",2
"GH Vihari","PP Chawla",2
"GH Vihari","B Kumar",2
"MDKJ Perera","B Kumar",1
"MDKJ Perera","UT Yadav",1
"B Laughlin","KA Pollard",1
"BMAJ Mendis","DJG Sammy",1
"BMAJ Mendis","RA Jadeja",1
"BMAJ Mendis","KA Pollard",1
"R Rampaul","PV Tambe",1
"R Rampaul","SP Narine",1
"R Rampaul","SR Watson",1
"R Rampaul","AB Dinda",1
"R Rampaul","DJ Bravo",1
"P Awana","DJG Sammy",1
"P Awana","JP Faulkner",1
"SMSM Senanayake","P Kumar",1
"BJ Rohrer","AB Dinda",1
"BJ Rohrer","JA Morkel",1
"BJ Rohrer","R Vinay Kumar",1
"BJ Rohrer","AM Nayar",1
"BJ Rohrer","PP Chawla",1
"BJ Rohrer","R Rampaul",1
"BJ Rohrer","JD Unadkat",1
"KL Rahul","DS Kulkarni",3
"J Syed Mohammad","DR Smith",1
"J Syed Mohammad","UT Yadav",1
"Q de Kock","AD Russell",2
"Q de Kock","YS Chahal",2
"Q de Kock","KV Sharma",2
"Q de Kock","MM Sharma",2
"Q de Kock","AB Dinda",2
"BB Samantray","JP Faulkner",2
"R Dhawan","B Kumar",1
"R Dhawan","SL Malinga",1
"R Dhawan","Shakib Al Hasan",1
"R Dhawan","PP Chawla",1
"R Dhawan","CH Morris",1
"R Dhawan","Azhar Mahmood",1
"R Dhawan","STR Binny",1
"MG Johnson","JP Faulkner",3
"LJ Wright","S Kaul",1
"LJ Wright","JA Morkel",1
"LJ Wright","UT Yadav",1
"LJ Wright","JD Unadkat",1
"LJ Wright","Azhar Mahmood",1
"AG Murtaza","CH Gayle",1
"IC Pandey","CH Gayle",1
"X Thalaivan Sargunam","DJ Bravo",1
"DJG Sammy","Shakib Al Hasan",2
"DJG Sammy","JP Faulkner",2
"KW Richardson","B Kumar",1
"KW Richardson","MG Johnson",1
"KW Richardson","CH Morris",1
"CM Gautam","A Nehra",1
"CM Gautam","M Morkel",1
"CM Gautam","B Kumar",1
"CM Gautam","S Badree",1
"CM Gautam","VR Aaron",1
"CM Gautam","R Dhawan",1
"CM Gautam","Mohammed Shami",1
"CM Gautam","PP Chawla",1
"CM Gautam","AD Mathews",1
"CM Gautam","SR Watson",1
"UA Birla","Iqbal Abdulla",1
"Parvez Rasool","B Kumar",1
"Parvez Rasool","L Balaji",1
"NJ Maddinson","IC Pandey",1
"NJ Maddinson","SL Malinga",1
"NJ Maddinson","Mohammed Shami",1
"JDS Neesham","Karanveer Singh",1
"JDS Neesham","RA Jadeja",1
"JDS Neesham","PP Chawla",1
"PV Tambe","IK Pathan",1
"PV Tambe","R Ashwin",1
"MA Starc","MM Sharma",1
"MA Starc","DW Steyn",1
"MA Starc","L Balaji",1
"MA Starc","SL Malinga",1
"MA Starc","IK Pathan",1
"MA Starc","MG Johnson",1
"MA Starc","R Bhatia",1
"BR Dunk","HV Patel",1
"BR Dunk","Sandeep Sharma",1
"BR Dunk","DJG Sammy",1
"RR Rossouw","A Nehra",2
"Shivam Sharma","MA Starc",1
"VH Zol","MM Sharma",1
"VH Zol","R Tewatia",1
"Imran Tahir","MJ McClenaghan",1
"Imran Tahir","DJ Bravo",1
"Imran Tahir","AR Patel",1
"Imran Tahir","STR Binny",1
"R Shukla","KK Cooper",1
"BE Hendricks","JJ Bumrah",1
"M de Lange","Imran Tahir",1
"S Gopal","M Ashwin",1
"S Gopal","WD Parnell",1
"JO Holder","B Kumar",1
"JO Holder","Mustafizur Rahman",1
"JO Holder","DJ Bravo",1
"JO Holder","CH Morris",1
"JO Holder","R Vinay Kumar",1
"JD Unadkat","MG Johnson",1
"SA Abbott","TA Boult",1
"SA Abbott","Shakib Al Hasan",1
"AN Ahmed","B Kumar",1
"Iqbal Abdulla","DJ Bravo",1
"Iqbal Abdulla","KA Pollard",1
"SN Khan","JJ Bumrah",1
"SN Khan","Mohammed Shami",1
"SN Khan","DJ Bravo",1
"SN Khan","Anureet Singh",1
"SN Khan","A Nehra",1
"SN Khan","RA Jadeja",1
"D Wiese","DJ Bravo",2
"DJ Muthuswami","D Wiese",1
"Karanveer Singh","MA Starc",1
"Sandeep Sharma","YS Chahal",1
"J Suchith","YS Chahal",1
"C Munro","MC Henriques",1
"C Munro","DJ Hooda",1
"C Munro","JJ Bumrah",1
"P Sahu","UT Yadav",1
"M Ashwin","KW Richardson",1
"NS Naik","JJ Bumrah",1
"NS Naik","Mustafizur Rahman",1
"PSP Handscomb","Harbhajan Singh",1
"J Yadav","SR Watson",1
"J Yadav","R Ashwin",1
"UT Khawaja","Gurkeerat Singh",1
"UT Khawaja","CH Morris",1
"UT Khawaja","Shakib Al Hasan",1
"UT Khawaja","A Nehra",1
"UT Khawaja","CJ Jordan",1
"UT Khawaja","A Mishra",1
"S Kaushik","Sachin Baby",1
"F Behardien","AB Dinda",1
"F Behardien","YS Chahal",1
"KJ Abbott","YS Chahal",1
"ER Dwivedi","B Kumar",1
"ER Dwivedi","SR Watson",1
